{"9yXRXLHbNZcAMfhXZhBfOA==":"etc-122x139.png","1Sjo6AkPAauZq/CTNvnP1A==":"bg-2000x1335.jpg","e+iMs9eSnadYDt27B1NsLQ==":"0-200x200.jpg","5Qb9v9CkVr9Vf22dnnMdAA==":"screen%20shot%202018-03-30%20at%2011.58.01-300x298.jpg","iT4irD+vuzwkczY9oI9Ytg==":"john-mark-smith-193849-unsplash-2000x1333.jpg","wZv6Rsgi2hOLz4YFJIOHgA==":"edwin-andrade-153753-unsplash-2000x1584.jpg","qdXlsleYE3aAm01HATcp5Q==":"edwin-andrade-153753-unsplash-2000x656.jpg","huUgsKtMzPP9KxG4bl8xyQ==":"andrei-stratu-576842-unsplash-2000x1500.jpg","qxceTP/GQ+ZlEV8A1nuN3g==":"edwin-andrade-153753-unsplash-1-2000x656.jpg","7iLsFYOeWBupz3kQNO5pzw==":"etc-192x219.png","/AGUcGvXu9LNz4KAhznuSw==":"john-338x338.jpg","vPAwb88JXoFMOzfLs55uNA==":"raj-475x475.jpg","PF4F0WSOD8c0MlWER+m97A==":"raj-1-475x475.jpg","NVt29p9wT3spIVz7v87sPw==":"gabriel-450x450.jpg","RE4pNF8HQXjLseo6Bn5dlA==":"ibm-240x104.png","9FleXQVYeR5lObDq6tsUeQ==":"erasmus-240x57.png","DSaKFM1PG6t1j4SWH6bqUw==":"ibm-1024x444.png","vJf+G5CJLpM11j7igbv/PQ==":"dominos-1920x461.png","yPaMUY5bbXLHcqydbJUOMQ==":"brightlands-567x150.png","D8Di6N82AxISRhnVdPv3jg==":"google-850x299.png"}